"filename", "language", "YAML", "Markdown", "C++", "Swift", "JSON", "Dart", "XML", "HTML", "Gradle", "Java Properties", "comment", "blank", "total"
"c:\Users\gsam9\Desktop\projects\GoTrip\frontend\gotrip\README.md", "Markdown", 0, 10, 0, 0, 0, 0, 0, 0, 0, 0, 0, 7, 17
"c:\Users\gsam9\Desktop\projects\GoTrip\frontend\gotrip\analysis_options.yaml", "YAML", 3, 0, 0, 0, 0, 0, 0, 0, 0, 0, 22, 4, 29
"c:\Users\gsam9\Desktop\projects\GoTrip\frontend\gotrip\android\app\build.gradle", "Gradle", 0, 0, 0, 0, 0, 0, 0, 0, 32, 0, 6, 7, 45
"c:\Users\gsam9\Desktop\projects\GoTrip\frontend\gotrip\android\app\src\debug\AndroidManifest.xml", "XML", 0, 0, 0, 0, 0, 0, 3, 0, 0, 0, 4, 1, 8
"c:\Users\gsam9\Desktop\projects\GoTrip\frontend\gotrip\android\app\src\main\AndroidManifest.xml", "XML", 0, 0, 0, 0, 0, 0, 42, 0, 0, 0, 11, 5, 58
"c:\Users\gsam9\Desktop\projects\GoTrip\frontend\gotrip\android\app\src\main\res\drawable-v21\launch_background.xml", "XML", 0, 0, 0, 0, 0, 0, 4, 0, 0, 0, 7, 2, 13
"c:\Users\gsam9\Desktop\projects\GoTrip\frontend\gotrip\android\app\src\main\res\drawable\launch_background.xml", "XML", 0, 0, 0, 0, 0, 0, 4, 0, 0, 0, 7, 2, 13
"c:\Users\gsam9\Desktop\projects\GoTrip\frontend\gotrip\android\app\src\main\res\values-night\styles.xml", "XML", 0, 0, 0, 0, 0, 0, 9, 0, 0, 0, 9, 1, 19
"c:\Users\gsam9\Desktop\projects\GoTrip\frontend\gotrip\android\app\src\main\res\values\styles.xml", "XML", 0, 0, 0, 0, 0, 0, 9, 0, 0, 0, 9, 1, 19
"c:\Users\gsam9\Desktop\projects\GoTrip\frontend\gotrip\android\app\src\profile\AndroidManifest.xml", "XML", 0, 0, 0, 0, 0, 0, 3, 0, 0, 0, 4, 1, 8
"c:\Users\gsam9\Desktop\projects\GoTrip\frontend\gotrip\android\build.gradle", "Gradle", 0, 0, 0, 0, 0, 0, 0, 0, 16, 0, 0, 3, 19
"c:\Users\gsam9\Desktop\projects\GoTrip\frontend\gotrip\android\gradle.properties", "Java Properties", 0, 0, 0, 0, 0, 0, 0, 0, 0, 3, 0, 1, 4
"c:\Users\gsam9\Desktop\projects\GoTrip\frontend\gotrip\android\gradle\wrapper\gradle-wrapper.properties", "Java Properties", 0, 0, 0, 0, 0, 0, 0, 0, 0, 5, 0, 1, 6
"c:\Users\gsam9\Desktop\projects\GoTrip\frontend\gotrip\android\settings.gradle", "Gradle", 0, 0, 0, 0, 0, 0, 0, 0, 21, 0, 2, 5, 28
"c:\Users\gsam9\Desktop\projects\GoTrip\frontend\gotrip\ios\RunnerTests\RunnerTests.swift", "Swift", 0, 0, 0, 7, 0, 0, 0, 0, 0, 0, 2, 4, 13
"c:\Users\gsam9\Desktop\projects\GoTrip\frontend\gotrip\ios\Runner\AppDelegate.swift", "Swift", 0, 0, 0, 12, 0, 0, 0, 0, 0, 0, 0, 2, 14
"c:\Users\gsam9\Desktop\projects\GoTrip\frontend\gotrip\ios\Runner\Assets.xcassets\AppIcon.appiconset\Contents.json", "JSON", 0, 0, 0, 0, 122, 0, 0, 0, 0, 0, 0, 1, 123
"c:\Users\gsam9\Desktop\projects\GoTrip\frontend\gotrip\ios\Runner\Assets.xcassets\LaunchImage.imageset\Contents.json", "JSON", 0, 0, 0, 0, 23, 0, 0, 0, 0, 0, 0, 1, 24
"c:\Users\gsam9\Desktop\projects\GoTrip\frontend\gotrip\ios\Runner\Assets.xcassets\LaunchImage.imageset\README.md", "Markdown", 0, 3, 0, 0, 0, 0, 0, 0, 0, 0, 0, 2, 5
"c:\Users\gsam9\Desktop\projects\GoTrip\frontend\gotrip\ios\Runner\Base.lproj\LaunchScreen.storyboard", "XML", 0, 0, 0, 0, 0, 0, 36, 0, 0, 0, 1, 1, 38
"c:\Users\gsam9\Desktop\projects\GoTrip\frontend\gotrip\ios\Runner\Base.lproj\Main.storyboard", "XML", 0, 0, 0, 0, 0, 0, 25, 0, 0, 0, 1, 1, 27
"c:\Users\gsam9\Desktop\projects\GoTrip\frontend\gotrip\ios\Runner\Runner-Bridging-Header.h", "C++", 0, 0, 1, 0, 0, 0, 0, 0, 0, 0, 0, 1, 2
"c:\Users\gsam9\Desktop\projects\GoTrip\frontend\gotrip\lib\bindings\accept_bboking_binding.dart", "Dart", 0, 0, 0, 0, 0, 8, 0, 0, 0, 0, 0, 2, 10
"c:\Users\gsam9\Desktop\projects\GoTrip\frontend\gotrip\lib\bindings\add_vehicle_binding.dart", "Dart", 0, 0, 0, 0, 0, 10, 0, 0, 0, 0, 0, 1, 11
"c:\Users\gsam9\Desktop\projects\GoTrip\frontend\gotrip\lib\bindings\change_password.dart", "Dart", 0, 0, 0, 0, 0, 8, 0, 0, 0, 0, 1, 2, 11
"c:\Users\gsam9\Desktop\projects\GoTrip\frontend\gotrip\lib\bindings\create_booking_binding.dart", "Dart", 0, 0, 0, 0, 0, 8, 0, 0, 0, 0, 0, 1, 9
"c:\Users\gsam9\Desktop\projects\GoTrip\frontend\gotrip\lib\bindings\display_driver_by_vehicle_type.dart", "Dart", 0, 0, 0, 0, 0, 8, 0, 0, 0, 0, 0, 1, 9
"c:\Users\gsam9\Desktop\projects\GoTrip\frontend\gotrip\lib\bindings\display_vehicle_type_binding.dart", "Dart", 0, 0, 0, 0, 0, 8, 0, 0, 0, 0, 0, 1, 9
"c:\Users\gsam9\Desktop\projects\GoTrip\frontend\gotrip\lib\bindings\driver_home_page_bindings.dart", "Dart", 0, 0, 0, 0, 0, 42, 0, 0, 0, 0, 15, 7, 64
"c:\Users\gsam9\Desktop\projects\GoTrip\frontend\gotrip\lib\bindings\driver_login_binding.dart", "Dart", 0, 0, 0, 0, 0, 8, 0, 0, 0, 0, 0, 1, 9
"c:\Users\gsam9\Desktop\projects\GoTrip\frontend\gotrip\lib\bindings\driver_main_binding.dart", "Dart", 0, 0, 0, 0, 0, 8, 0, 0, 0, 0, 4, 1, 13
"c:\Users\gsam9\Desktop\projects\GoTrip\frontend\gotrip\lib\bindings\driver_profile_binding.dart", "Dart", 0, 0, 0, 0, 0, 8, 0, 0, 0, 0, 0, 2, 10
"c:\Users\gsam9\Desktop\projects\GoTrip\frontend\gotrip\lib\bindings\driver_signup_binding.dart", "Dart", 0, 0, 0, 0, 0, 8, 0, 0, 0, 0, 0, 2, 10
"c:\Users\gsam9\Desktop\projects\GoTrip\frontend\gotrip\lib\bindings\get_accpeted_driver_binding.dart", "Dart", 0, 0, 0, 0, 0, 14, 0, 0, 0, 0, 0, 5, 19
"c:\Users\gsam9\Desktop\projects\GoTrip\frontend\gotrip\lib\bindings\get_booking_binding.dart", "Dart", 0, 0, 0, 0, 0, 10, 0, 0, 0, 0, 0, 2, 12
"c:\Users\gsam9\Desktop\projects\GoTrip\frontend\gotrip\lib\bindings\khalti_payment_binding.dart", "Dart", 0, 0, 0, 0, 0, 8, 0, 0, 0, 0, 9, 6, 23
"c:\Users\gsam9\Desktop\projects\GoTrip\frontend\gotrip\lib\bindings\main_bindings.dart", "Dart", 0, 0, 0, 0, 0, 8, 0, 0, 0, 0, 4, 2, 14
"c:\Users\gsam9\Desktop\projects\GoTrip\frontend\gotrip\lib\bindings\passenger_login_binding.dart", "Dart", 0, 0, 0, 0, 0, 8, 0, 0, 0, 0, 0, 2, 10
"c:\Users\gsam9\Desktop\projects\GoTrip\frontend\gotrip\lib\bindings\passenger_otp_binding.dart", "Dart", 0, 0, 0, 0, 0, 8, 0, 0, 0, 0, 0, 2, 10
"c:\Users\gsam9\Desktop\projects\GoTrip\frontend\gotrip\lib\bindings\passenger_profile_binding.dart", "Dart", 0, 0, 0, 0, 0, 8, 0, 0, 0, 0, 0, 2, 10
"c:\Users\gsam9\Desktop\projects\GoTrip\frontend\gotrip\lib\bindings\passenger_signup_binding.dart", "Dart", 0, 0, 0, 0, 0, 8, 0, 0, 0, 0, 0, 2, 10
"c:\Users\gsam9\Desktop\projects\GoTrip\frontend\gotrip\lib\bindings\passenger_upcoming_booking_binding.dart", "Dart", 0, 0, 0, 0, 0, 10, 0, 0, 0, 0, 0, 1, 11
"c:\Users\gsam9\Desktop\projects\GoTrip\frontend\gotrip\lib\bindings\passenger_upcoming_bookings_binding.dart", "Dart", 0, 0, 0, 0, 0, 10, 0, 0, 0, 0, 0, 1, 11
"c:\Users\gsam9\Desktop\projects\GoTrip\frontend\gotrip\lib\constants\api_constants.dart", "Dart", 0, 0, 0, 0, 0, 3, 0, 0, 0, 0, 1, 0, 4
"c:\Users\gsam9\Desktop\projects\GoTrip\frontend\gotrip\lib\constants\constant.dart", "Dart", 0, 0, 0, 0, 0, 1, 0, 0, 0, 0, 0, 1, 2
"c:\Users\gsam9\Desktop\projects\GoTrip\frontend\gotrip\lib\controllers\accept_booking_controller.dart", "Dart", 0, 0, 0, 0, 0, 73, 0, 0, 0, 0, 6, 8, 87
"c:\Users\gsam9\Desktop\projects\GoTrip\frontend\gotrip\lib\controllers\add_vehicle_controller.dart", "Dart", 0, 0, 0, 0, 0, 284, 0, 0, 0, 0, 18, 36, 338
"c:\Users\gsam9\Desktop\projects\GoTrip\frontend\gotrip\lib\controllers\auth_controller.dart", "Dart", 0, 0, 0, 0, 0, 9, 0, 0, 0, 0, 3, 3, 15
"c:\Users\gsam9\Desktop\projects\GoTrip\frontend\gotrip\lib\controllers\change_password.dart", "Dart", 0, 0, 0, 0, 0, 63, 0, 0, 0, 0, 8, 9, 80
"c:\Users\gsam9\Desktop\projects\GoTrip\frontend\gotrip\lib\controllers\create_booking_controller.dart", "Dart", 0, 0, 0, 0, 0, 417, 0, 0, 0, 0, 48, 60, 525
"c:\Users\gsam9\Desktop\projects\GoTrip\frontend\gotrip\lib\controllers\display_driver_by_vehicle_type_controller.dart", "Dart", 0, 0, 0, 0, 0, 73, 0, 0, 0, 0, 8, 14, 95
"c:\Users\gsam9\Desktop\projects\GoTrip\frontend\gotrip\lib\controllers\display_vehicle_type_controller.dart", "Dart", 0, 0, 0, 0, 0, 42, 0, 0, 0, 0, 63, 20, 125
"c:\Users\gsam9\Desktop\projects\GoTrip\frontend\gotrip\lib\controllers\driver_home_page_controller.dart", "Dart", 0, 0, 0, 0, 0, 326, 0, 0, 0, 0, 48, 64, 438
"c:\Users\gsam9\Desktop\projects\GoTrip\frontend\gotrip\lib\controllers\driver_login_controller.dart", "Dart", 0, 0, 0, 0, 0, 116, 0, 0, 0, 0, 95, 34, 245
"c:\Users\gsam9\Desktop\projects\GoTrip\frontend\gotrip\lib\controllers\driver_profile_controller.dart", "Dart", 0, 0, 0, 0, 0, 133, 0, 0, 0, 0, 0, 17, 150
"c:\Users\gsam9\Desktop\projects\GoTrip\frontend\gotrip\lib\controllers\driver_signup_controller.dart", "Dart", 0, 0, 0, 0, 0, 93, 0, 0, 0, 0, 4, 11, 108
"c:\Users\gsam9\Desktop\projects\GoTrip\frontend\gotrip\lib\controllers\get_accepted_drivers_controller.dart", "Dart", 0, 0, 0, 0, 0, 128, 0, 0, 0, 0, 10, 17, 155
"c:\Users\gsam9\Desktop\projects\GoTrip\frontend\gotrip\lib\controllers\get_booking_controller.dart", "Dart", 0, 0, 0, 0, 0, 185, 0, 0, 0, 0, 165, 46, 396
"c:\Users\gsam9\Desktop\projects\GoTrip\frontend\gotrip\lib\controllers\khalti_payment_controller.dart", "Dart", 0, 0, 0, 0, 0, 142, 0, 0, 0, 0, 4, 23, 169
"c:\Users\gsam9\Desktop\projects\GoTrip\frontend\gotrip\lib\controllers\location_controller.dart", "Dart", 0, 0, 0, 0, 0, 29, 0, 0, 0, 0, 0, 4, 33
"c:\Users\gsam9\Desktop\projects\GoTrip\frontend\gotrip\lib\controllers\passenger_home_page_controller.dart", "Dart", 0, 0, 0, 0, 0, 191, 0, 0, 0, 0, 11, 24, 226
"c:\Users\gsam9\Desktop\projects\GoTrip\frontend\gotrip\lib\controllers\passenger_login_controller.dart", "Dart", 0, 0, 0, 0, 0, 116, 0, 0, 0, 0, 96, 39, 251
"c:\Users\gsam9\Desktop\projects\GoTrip\frontend\gotrip\lib\controllers\passenger_otp_controller.dart", "Dart", 0, 0, 0, 0, 0, 103, 0, 0, 0, 0, 96, 26, 225
"c:\Users\gsam9\Desktop\projects\GoTrip\frontend\gotrip\lib\controllers\passenger_profile_controller.dart", "Dart", 0, 0, 0, 0, 0, 95, 0, 0, 0, 0, 1, 20, 116
"c:\Users\gsam9\Desktop\projects\GoTrip\frontend\gotrip\lib\controllers\passenger_signup_controller.dart", "Dart", 0, 0, 0, 0, 0, 92, 0, 0, 0, 0, 2, 18, 112
"c:\Users\gsam9\Desktop\projects\GoTrip\frontend\gotrip\lib\controllers\passenger_upcoming_bookings_controller.dart", "Dart", 0, 0, 0, 0, 0, 85, 0, 0, 0, 0, 0, 10, 95
"c:\Users\gsam9\Desktop\projects\GoTrip\frontend\gotrip\lib\helper\date_format.dart", "Dart", 0, 0, 0, 0, 0, 15, 0, 0, 0, 0, 2, 4, 21
"c:\Users\gsam9\Desktop\projects\GoTrip\frontend\gotrip\lib\main.dart", "Dart", 0, 0, 0, 0, 0, 45, 0, 0, 0, 0, 2, 8, 55
"c:\Users\gsam9\Desktop\projects\GoTrip\frontend\gotrip\lib\model\booking_model\booking_model.dart", "Dart", 0, 0, 0, 0, 0, 65, 0, 0, 0, 0, 3, 16, 84
"c:\Users\gsam9\Desktop\projects\GoTrip\frontend\gotrip\lib\model\booking_model\booking_model.g.dart", "Dart", 0, 0, 0, 0, 0, 32, 0, 0, 0, 0, 4, 7, 43
"c:\Users\gsam9\Desktop\projects\GoTrip\frontend\gotrip\lib\model\booking_model\passenger_upcoming_booking.dart", "Dart", 0, 0, 0, 0, 0, 264, 0, 0, 0, 0, 0, 43, 307
"c:\Users\gsam9\Desktop\projects\GoTrip\frontend\gotrip\lib\model\booking_model\passenger_upcoming_booking.g.dart", "Dart", 0, 0, 0, 0, 0, 121, 0, 0, 0, 0, 4, 19, 144
"c:\Users\gsam9\Desktop\projects\GoTrip\frontend\gotrip\lib\model\booking_model\trip_history.dart", "Dart", 0, 0, 0, 0, 0, 64, 0, 0, 0, 0, 0, 14, 78
"c:\Users\gsam9\Desktop\projects\GoTrip\frontend\gotrip\lib\model\booking_model\trip_history.g.dart", "Dart", 0, 0, 0, 0, 0, 51, 0, 0, 0, 0, 4, 11, 66
"c:\Users\gsam9\Desktop\projects\GoTrip\frontend\gotrip\lib\model\booking_model\upcomming_booking.dart", "Dart", 0, 0, 0, 0, 0, 174, 0, 0, 0, 0, 0, 38, 212
"c:\Users\gsam9\Desktop\projects\GoTrip\frontend\gotrip\lib\model\booking_model\upcomming_booking.g.dart", "Dart", 0, 0, 0, 0, 0, 129, 0, 0, 0, 0, 4, 21, 154
"c:\Users\gsam9\Desktop\projects\GoTrip\frontend\gotrip\lib\model\location.dart", "Dart", 0, 0, 0, 0, 0, 20, 0, 0, 0, 0, 0, 2, 22
"c:\Users\gsam9\Desktop\projects\GoTrip\frontend\gotrip\lib\model\passenger.dart", "Dart", 0, 0, 0, 0, 0, 40, 0, 0, 0, 0, 0, 3, 43
"c:\Users\gsam9\Desktop\projects\GoTrip\frontend\gotrip\lib\model\payment_model\payment_model.dart", "Dart", 0, 0, 0, 0, 0, 33, 0, 0, 0, 0, 0, 9, 42
"c:\Users\gsam9\Desktop\projects\GoTrip\frontend\gotrip\lib\model\payment_model\payment_model.g.dart", "Dart", 0, 0, 0, 0, 0, 14, 0, 0, 0, 0, 4, 5, 23
"c:\Users\gsam9\Desktop\projects\GoTrip\frontend\gotrip\lib\model\user_model\driver_model.dart", "Dart", 0, 0, 0, 0, 0, 35, 0, 0, 0, 0, 2, 10, 47
"c:\Users\gsam9\Desktop\projects\GoTrip\frontend\gotrip\lib\model\user_model\driver_model.g.dart", "Dart", 0, 0, 0, 0, 0, 32, 0, 0, 0, 0, 4, 7, 43
"c:\Users\gsam9\Desktop\projects\GoTrip\frontend\gotrip\lib\model\vehicle_model.dart", "Dart", 0, 0, 0, 0, 0, 66, 0, 0, 0, 0, 0, 21, 87
"c:\Users\gsam9\Desktop\projects\GoTrip\frontend\gotrip\lib\model\vehicle_model.g.dart", "Dart", 0, 0, 0, 0, 0, 50, 0, 0, 0, 0, 4, 9, 63
"c:\Users\gsam9\Desktop\projects\GoTrip\frontend\gotrip\lib\network\http_client.dart", "Dart", 0, 0, 0, 0, 0, 40, 0, 0, 0, 0, 4, 6, 50
"c:\Users\gsam9\Desktop\projects\GoTrip\frontend\gotrip\lib\network\storage_service.dart", "Dart", 0, 0, 0, 0, 0, 23, 0, 0, 0, 0, 2, 6, 31
"c:\Users\gsam9\Desktop\projects\GoTrip\frontend\gotrip\lib\pages\authentication\change_password.dart", "Dart", 0, 0, 0, 0, 0, 175, 0, 0, 0, 0, 67, 22, 264
"c:\Users\gsam9\Desktop\projects\GoTrip\frontend\gotrip\lib\pages\authentication\driver_login.dart", "Dart", 0, 0, 0, 0, 0, 330, 0, 0, 0, 0, 89, 29, 448
"c:\Users\gsam9\Desktop\projects\GoTrip\frontend\gotrip\lib\pages\authentication\driver_signup.dart", "Dart", 0, 0, 0, 0, 0, 86, 0, 0, 0, 0, 0, 4, 90
"c:\Users\gsam9\Desktop\projects\GoTrip\frontend\gotrip\lib\pages\authentication\login.dart", "Dart", 0, 0, 0, 0, 0, 291, 0, 0, 0, 0, 89, 28, 408
"c:\Users\gsam9\Desktop\projects\GoTrip\frontend\gotrip\lib\pages\authentication\login_choice.dart", "Dart", 0, 0, 0, 0, 0, 477, 0, 0, 0, 0, 100, 48, 625
"c:\Users\gsam9\Desktop\projects\GoTrip\frontend\gotrip\lib\pages\authentication\otp_verification.dart", "Dart", 0, 0, 0, 0, 0, 96, 0, 0, 0, 0, 108, 9, 213
"c:\Users\gsam9\Desktop\projects\GoTrip\frontend\gotrip\lib\pages\authentication\signup.dart", "Dart", 0, 0, 0, 0, 0, 86, 0, 0, 0, 0, 0, 6, 92
"c:\Users\gsam9\Desktop\projects\GoTrip\frontend\gotrip\lib\pages\authentication\signup_choice.dart", "Dart", 0, 0, 0, 0, 0, 472, 0, 0, 0, 0, 99, 49, 620
"c:\Users\gsam9\Desktop\projects\GoTrip\frontend\gotrip\lib\pages\bookings\accept_booking_page.dart", "Dart", 0, 0, 0, 0, 0, 66, 0, 0, 0, 0, 2, 4, 72
"c:\Users\gsam9\Desktop\projects\GoTrip\frontend\gotrip\lib\pages\bookings\create_bookingpage.dart", "Dart", 0, 0, 0, 0, 0, 585, 0, 0, 0, 0, 628, 54, 1267
"c:\Users\gsam9\Desktop\projects\GoTrip\frontend\gotrip\lib\pages\bookings\driver_details_adapter.dart", "Dart", 0, 0, 0, 0, 0, 26, 0, 0, 0, 0, 5, 4, 35
"c:\Users\gsam9\Desktop\projects\GoTrip\frontend\gotrip\lib\pages\bookings\driver_detial_page.dart", "Dart", 0, 0, 0, 0, 0, 172, 0, 0, 0, 0, 15, 14, 201
"c:\Users\gsam9\Desktop\projects\GoTrip\frontend\gotrip\lib\pages\bookings\driver_upcoming_booking.dart", "Dart", 0, 0, 0, 0, 0, 278, 0, 0, 0, 0, 49, 58, 385
"c:\Users\gsam9\Desktop\projects\GoTrip\frontend\gotrip\lib\pages\bookings\get_accepted_driver_page.dart", "Dart", 0, 0, 0, 0, 0, 1078, 0, 0, 0, 0, 41, 41, 1160
"c:\Users\gsam9\Desktop\projects\GoTrip\frontend\gotrip\lib\pages\bookings\get_bookingpage.dart", "Dart", 0, 0, 0, 0, 0, 317, 0, 0, 0, 0, 406, 26, 749
"c:\Users\gsam9\Desktop\projects\GoTrip\frontend\gotrip\lib\pages\bookings\passenger_upcoming_booking.dart", "Dart", 0, 0, 0, 0, 0, 0, 0, 0, 0, 0, 373, 14, 387
"c:\Users\gsam9\Desktop\projects\GoTrip\frontend\gotrip\lib\pages\bookings_by_location_page.dart", "Dart", 0, 0, 0, 0, 0, 290, 0, 0, 0, 0, 318, 46, 654
"c:\Users\gsam9\Desktop\projects\GoTrip\frontend\gotrip\lib\pages\display_driver_by_vehicle_page.dart", "Dart", 0, 0, 0, 0, 0, 515, 0, 0, 0, 0, 21, 19, 555
"c:\Users\gsam9\Desktop\projects\GoTrip\frontend\gotrip\lib\pages\driver_main_pages.dart\driver_bookingpage.dart", "Dart", 0, 0, 0, 0, 0, 32, 0, 0, 0, 0, 1, 5, 38
"c:\Users\gsam9\Desktop\projects\GoTrip\frontend\gotrip\lib\pages\driver_main_pages.dart\driver_history_page.dart", "Dart", 0, 0, 0, 0, 0, 143, 0, 0, 0, 0, 0, 5, 148
"c:\Users\gsam9\Desktop\projects\GoTrip\frontend\gotrip\lib\pages\driver_main_pages.dart\driver_homepage.dart", "Dart", 0, 0, 0, 0, 0, 626, 0, 0, 0, 0, 12, 20, 658
"c:\Users\gsam9\Desktop\projects\GoTrip\frontend\gotrip\lib\pages\driver_main_pages.dart\driver_profilepage.dart", "Dart", 0, 0, 0, 0, 0, 333, 0, 0, 0, 0, 13, 16, 362
"c:\Users\gsam9\Desktop\projects\GoTrip\frontend\gotrip\lib\pages\driver_main_pages.dart\driver_searchpage.dart", "Dart", 0, 0, 0, 0, 0, 674, 0, 0, 0, 0, 164, 37, 875
"c:\Users\gsam9\Desktop\projects\GoTrip\frontend\gotrip\lib\pages\driver_mainpage.dart", "Dart", 0, 0, 0, 0, 0, 62, 0, 0, 0, 0, 55, 11, 128
"c:\Users\gsam9\Desktop\projects\GoTrip\frontend\gotrip\lib\pages\driver_status_card.dart", "Dart", 0, 0, 0, 0, 0, 233, 0, 0, 0, 0, 10, 4, 247
"c:\Users\gsam9\Desktop\projects\GoTrip\frontend\gotrip\lib\pages\main_pages\bookingpage.dart", "Dart", 0, 0, 0, 0, 0, 324, 0, 0, 0, 0, 75, 21, 420
"c:\Users\gsam9\Desktop\projects\GoTrip\frontend\gotrip\lib\pages\main_pages\homepage.dart", "Dart", 0, 0, 0, 0, 0, 982, 0, 0, 0, 0, 2470, 104, 3556
"c:\Users\gsam9\Desktop\projects\GoTrip\frontend\gotrip\lib\pages\main_pages\profilepage.dart", "Dart", 0, 0, 0, 0, 0, 211, 0, 0, 0, 0, 94, 15, 320
"c:\Users\gsam9\Desktop\projects\GoTrip\frontend\gotrip\lib\pages\main_pages\searchpage.dart", "Dart", 0, 0, 0, 0, 0, 382, 0, 0, 0, 0, 593, 47, 1022
"c:\Users\gsam9\Desktop\projects\GoTrip\frontend\gotrip\lib\pages\mainpage.dart", "Dart", 0, 0, 0, 0, 0, 68, 0, 0, 0, 0, 1, 7, 76
"c:\Users\gsam9\Desktop\projects\GoTrip\frontend\gotrip\lib\pages\payment\khalti_payment_screen.dart", "Dart", 0, 0, 0, 0, 0, 531, 0, 0, 0, 0, 18, 40, 589
"c:\Users\gsam9\Desktop\projects\GoTrip\frontend\gotrip\lib\pages\profile\passenger_profile_page.dart", "Dart", 0, 0, 0, 0, 0, 125, 0, 0, 0, 0, 1, 7, 133
"c:\Users\gsam9\Desktop\projects\GoTrip\frontend\gotrip\lib\pages\splash_screen\splash_screen.dart", "Dart", 0, 0, 0, 0, 0, 84, 0, 0, 0, 0, 6, 10, 100
"c:\Users\gsam9\Desktop\projects\GoTrip\frontend\gotrip\lib\pages\vehicles\add_vehicle_page.dart", "Dart", 0, 0, 0, 0, 0, 264, 0, 0, 0, 0, 20, 14, 298
"c:\Users\gsam9\Desktop\projects\GoTrip\frontend\gotrip\lib\pages\welcome.dart", "Dart", 0, 0, 0, 0, 0, 0, 0, 0, 0, 0, 0, 1, 1
"c:\Users\gsam9\Desktop\projects\GoTrip\frontend\gotrip\lib\routes\app_pages.dart", "Dart", 0, 0, 0, 0, 0, 80, 0, 0, 0, 0, 5, 5, 90
"c:\Users\gsam9\Desktop\projects\GoTrip\frontend\gotrip\lib\routes\app_routes.dart", "Dart", 0, 0, 0, 0, 0, 17, 0, 0, 0, 0, 8, 2, 27
"c:\Users\gsam9\Desktop\projects\GoTrip\frontend\gotrip\lib\utils\app_colors.dart", "Dart", 0, 0, 0, 0, 0, 10, 0, 0, 0, 0, 0, 2, 12
"c:\Users\gsam9\Desktop\projects\GoTrip\frontend\gotrip\lib\utils\custom_button.dart", "Dart", 0, 0, 0, 0, 0, 42, 0, 0, 0, 0, 0, 5, 47
"c:\Users\gsam9\Desktop\projects\GoTrip\frontend\gotrip\lib\utils\custom_input.dart", "Dart", 0, 0, 0, 0, 0, 48, 0, 0, 0, 0, 0, 4, 52
"c:\Users\gsam9\Desktop\projects\GoTrip\frontend\gotrip\lib\utils\map_debugger.dart", "Dart", 0, 0, 0, 0, 0, 126, 0, 0, 0, 0, 4, 8, 138
"c:\Users\gsam9\Desktop\projects\GoTrip\frontend\gotrip\lib\widgets\location_map_widget.dart", "Dart", 0, 0, 0, 0, 0, 0, 0, 0, 0, 0, 76, 3, 79
"c:\Users\gsam9\Desktop\projects\GoTrip\frontend\gotrip\lib\widgets\pokhara_map_widget.dart", "Dart", 0, 0, 0, 0, 0, 71, 0, 0, 0, 0, 2, 5, 78
"c:\Users\gsam9\Desktop\projects\GoTrip\frontend\gotrip\linux\flutter\generated_plugin_registrant.cc", "C++", 0, 0, 11, 0, 0, 0, 0, 0, 0, 0, 4, 5, 20
"c:\Users\gsam9\Desktop\projects\GoTrip\frontend\gotrip\linux\flutter\generated_plugin_registrant.h", "C++", 0, 0, 5, 0, 0, 0, 0, 0, 0, 0, 5, 6, 16
"c:\Users\gsam9\Desktop\projects\GoTrip\frontend\gotrip\linux\runner\main.cc", "C++", 0, 0, 5, 0, 0, 0, 0, 0, 0, 0, 0, 2, 7
"c:\Users\gsam9\Desktop\projects\GoTrip\frontend\gotrip\linux\runner\my_application.cc", "C++", 0, 0, 83, 0, 0, 0, 0, 0, 0, 0, 21, 27, 131
"c:\Users\gsam9\Desktop\projects\GoTrip\frontend\gotrip\linux\runner\my_application.h", "C++", 0, 0, 7, 0, 0, 0, 0, 0, 0, 0, 7, 5, 19
"c:\Users\gsam9\Desktop\projects\GoTrip\frontend\gotrip\macos\Flutter\GeneratedPluginRegistrant.swift", "Swift", 0, 0, 0, 24, 0, 0, 0, 0, 0, 0, 3, 4, 31
"c:\Users\gsam9\Desktop\projects\GoTrip\frontend\gotrip\macos\RunnerTests\RunnerTests.swift", "Swift", 0, 0, 0, 7, 0, 0, 0, 0, 0, 0, 2, 4, 13
"c:\Users\gsam9\Desktop\projects\GoTrip\frontend\gotrip\macos\Runner\AppDelegate.swift", "Swift", 0, 0, 0, 11, 0, 0, 0, 0, 0, 0, 0, 3, 14
"c:\Users\gsam9\Desktop\projects\GoTrip\frontend\gotrip\macos\Runner\Assets.xcassets\AppIcon.appiconset\Contents.json", "JSON", 0, 0, 0, 0, 68, 0, 0, 0, 0, 0, 0, 1, 69
"c:\Users\gsam9\Desktop\projects\GoTrip\frontend\gotrip\macos\Runner\Base.lproj\MainMenu.xib", "XML", 0, 0, 0, 0, 0, 0, 343, 0, 0, 0, 0, 1, 344
"c:\Users\gsam9\Desktop\projects\GoTrip\frontend\gotrip\macos\Runner\MainFlutterWindow.swift", "Swift", 0, 0, 0, 12, 0, 0, 0, 0, 0, 0, 0, 4, 16
"c:\Users\gsam9\Desktop\projects\GoTrip\frontend\gotrip\pubspec.yaml", "YAML", 44, 0, 0, 0, 0, 0, 0, 0, 0, 0, 58, 17, 119
"c:\Users\gsam9\Desktop\projects\GoTrip\frontend\gotrip\test\widget_test.dart", "Dart", 0, 0, 0, 0, 0, 14, 0, 0, 0, 0, 10, 7, 31
"c:\Users\gsam9\Desktop\projects\GoTrip\frontend\gotrip\web\index.html", "HTML", 0, 0, 0, 0, 0, 0, 0, 19, 0, 0, 15, 5, 39
"c:\Users\gsam9\Desktop\projects\GoTrip\frontend\gotrip\web\manifest.json", "JSON", 0, 0, 0, 0, 35, 0, 0, 0, 0, 0, 0, 1, 36
"c:\Users\gsam9\Desktop\projects\GoTrip\frontend\gotrip\windows\flutter\generated_plugin_registrant.cc", "C++", 0, 0, 18, 0, 0, 0, 0, 0, 0, 0, 4, 5, 27
"c:\Users\gsam9\Desktop\projects\GoTrip\frontend\gotrip\windows\flutter\generated_plugin_registrant.h", "C++", 0, 0, 5, 0, 0, 0, 0, 0, 0, 0, 5, 6, 16
"c:\Users\gsam9\Desktop\projects\GoTrip\frontend\gotrip\windows\runner\flutter_window.cpp", "C++", 0, 0, 49, 0, 0, 0, 0, 0, 0, 0, 7, 16, 72
"c:\Users\gsam9\Desktop\projects\GoTrip\frontend\gotrip\windows\runner\flutter_window.h", "C++", 0, 0, 20, 0, 0, 0, 0, 0, 0, 0, 5, 9, 34
"c:\Users\gsam9\Desktop\projects\GoTrip\frontend\gotrip\windows\runner\main.cpp", "C++", 0, 0, 30, 0, 0, 0, 0, 0, 0, 0, 4, 10, 44
"c:\Users\gsam9\Desktop\projects\GoTrip\frontend\gotrip\windows\runner\resource.h", "C++", 0, 0, 9, 0, 0, 0, 0, 0, 0, 0, 6, 2, 17
"c:\Users\gsam9\Desktop\projects\GoTrip\frontend\gotrip\windows\runner\utils.cpp", "C++", 0, 0, 54, 0, 0, 0, 0, 0, 0, 0, 2, 10, 66
"c:\Users\gsam9\Desktop\projects\GoTrip\frontend\gotrip\windows\runner\utils.h", "C++", 0, 0, 8, 0, 0, 0, 0, 0, 0, 0, 6, 6, 20
"c:\Users\gsam9\Desktop\projects\GoTrip\frontend\gotrip\windows\runner\win32_window.cpp", "C++", 0, 0, 210, 0, 0, 0, 0, 0, 0, 0, 24, 55, 289
"c:\Users\gsam9\Desktop\projects\GoTrip\frontend\gotrip\windows\runner\win32_window.h", "C++", 0, 0, 48, 0, 0, 0, 0, 0, 0, 0, 31, 24, 103
"Total", "-", 47, 13, 563, 73, 248, 15150, 478, 19, 69, 8, 7105, 1971, 25744